ཡིན,1088
བྱ,1033
སོགས,875
པ,766
མ,669
རེད,645
ན,623
འདུག,464
པོ,459
རང,447
ལྟ,423
ཆེན,395
འདྲ,385
ག,378
པར,327
ལྡན,306
བ,305
མི,303
ཤེས,295
ཆེ,295
གནས,251
མེད,239
གནས་དྲང,218
ས,211
རྗེ,187
དག,180
མོངས,165
རིང,157
ལག,157
ཐུབ,156
ཤིས,143
དང,139
གཅིག,135
བཞག,135
ཡོད,133
ལ,130
ངེ,128
པའི,125
འོངས,121
བོ,109
མང,104
བྱས,103
བྱེད,102
ཁ,102
རྒྱས,99
དགོས,96
མཐུན,94
བདེ,93
བྱུང,92
སྩལ,92
རིག,91
ཁོ,90
ཆུབ,90
འཛིན,89
ལས,89
ཡག,88
བའི,87
རྟེན,87
སོང,85
བཅོམ,84
ཤིས་བདེ,84
བཞིན,83
མིན,78
གོ,77
རྟག,76
སུ,76
གཏན,76
འཚལ,75
བཟང,73
མཆོག,72
བོ་རིན,71
རིན,68
སུམ,68
རེ,67
ཚང,67
བུ,66
ཀྱི,64
མོ,64
སུམ་ཚོགས,64
རམ,64
ལྟ་བས,63
འདུན,62
འགྱུར,62
ཤུ,61
ཆུང,61
དུ,59
གཅིག་མིན,59
གི,58
ཡོད་མ,58
ལྟར,56
དབང,55
འགྲོ,53
འདྲ་ཡིན,53
བཞིན་གཤེགས,51
དགེ,51
རམ་ས,51
རིན་པོ,50
ཅིག,49
སློབ,49
དད,49
འཇུག,48
རིགས,47
གཏོགས,47
ནང,47
,46
ཞུགས,46
བསྟན,46
ཆ,45
རེ་བྱས,45
བསྔལ,44
ཅུ,44
ཏུ,44
བཤེས,43
སླ,43
ནས,43
ར,43
གསུམ,42
གསལ,42
གཡོ,42
རྒྱལ,42
དགའ,42
བཏང,42
མཛོད,41
སློང,40
བསམ,40
བཞི,40
ལེན,40
ཙཱ,39
འབྱུང,39
བློ,39
པར་ཤེས,38
ཆུབ་ཀྱི,38
ལོགས,38
ཤུ་རྩ,38
སྲིད,37
ལོ,37
ཆགས,36
ཞེ,36
པ་སྦོམ,36
བཅས,36
གཞན,36
ཉིད,36
རིམ,36
དུས,35
ཡིན་ཟེར,35
ཚུལ,35
གྱི,35
སྣང,35
ཡོང,35
དང་རིམ,34
ངག,34
ཚ,34
ཚོགས,33
སྒྲིག,33
པར་གྲོལ,33
བཅུ,33
ཆ་བཞག,33
སྡུག,33
གྲུབ,32
མྱོང,32
སྐྱོང,32
ཀ,32
རྒྱུ,32
ཡ,32
ན་མེད,31
ཆུབ་སེམས,31
ཐག,31
སྐྱིད,30
མ་ཡིན,30
དཀར,30
ཆོག,30
ཆུ,30
ས་རེད,29
རིང་དཔལ,29
སང,29
ཅན,29
ག་ནང,29
མཚན,28
མིན་སྣ,28
རོལ,28
འོག,28
ཕྱིན,27
དམ,27
ཤ,27
ཐོགས,27
མི་ཟ,27
ཅི,26
ཉི,26
ལེ,26
ལུགས,26
རུ,26
ཧ,26
སྔ,26
དེ,26
མངོན,26
དྲིན,26
རུང,26
སྐོར,25
གཏན་བཞི,25
རྒྱག,25
གཙང,25
ལ་གང,25
སེ,25
ཐང,25
འདུན་ཆོས,25
རབས,24
ལྟ་བ,24
སྟོན,24
གལ,24
གསར,24
ཤུལ,24
ཁྲི,24
ནེ,24
ཆད,24
འདོད,23
མ་གོ,23
འོང,23
གལ་ཆེན,23
བརྒྱུད,23
བསྡད,23
པའི་དོན,22
ཞུ,22
བྲག,22
བཤད,22
གཉིས,22
ཚེ,22
བའི་ཁ,22
ནམས,21
བའི་བཤེས,21
དུས་ཙམ,21
མ་མེད,21
་,21
སྙིང,21
ཟིན,21
རྩལ,21
བསྐྱེད,20
འབྱོར,20
ལག་གི,20
ཁྲི་བཙན,20
གེ,20
ཏན,20
བར,20
ལག་གི་ཁ,20
ལམ,20
ཡང,20
དྲུག,20
གོང,20
ནོམ,20
ཙི,20
སྒང,20
རྒྱ,20
ལྕོགས,20
ཅུ་སོ,20
སར,19
ཏུ་བྱུང,19
རག,19
ཉམས,19
སོར,19
མགོན,19
གཉེར,18
ལ་བརྟེན,18
བརྒྱུད་ནང,18
མཐོང,18
འཁོར,18
ཁུག,18
གྲྭ,18
གྱུར,18
སྤྱོད,18
རྒུ,18
སྒྱུར,18
དང་ལྡན,18
སངས,17
ཞིམ,17
རས,17
གང,17
ཆོས,17
ལྔ,17
མཚར,17
སོ,17
ཟབ,17
བྲོ,17
བརྒྱ,17
ཏ,17
ཚུད,17
ཐོབ,16
ཐམས,16
རྩེད,16
བྱུང་མང,16
ལུས,16
ཡས,16
ཆེས,16
ཁྱབ,16
སྔོན,16
མའི,16
མཁས,16
བསྡུས,16
ཅན་ཐམས,16
ཐུག,16
དཀའ,16
བཙན,16
གཅོད,16
པ་ག,15
གྲས,15
ལེགས,15
ཡི,15
རྟགས,15
ཟླ,15
རྒན,15
མྱང,15
ཡོད་གནས,15
ཆི,15
འགྲིག,15
སྒྲུབ,15
རབ,15
ཙོང,15
རྫོབ,15
ལོག,15
བཀའ,15
གསོ,15
དབྱངས,15
རན,15
ཅད,15
དྲགས,15
ཁམས,15
པ་གཅིག,15
བས,15
པར་དག,15
བརྒྱབ,15
དགུན,15
་་,14
བཅད,14
འདང,14
ཙོང་ཁ,14
མགོན་རིན་པོ,14
མ་ལ,14
གར,14
སོར་ཐར,14
མལ,14
འདོགས,14
དོག,14
ལྡན་ཕོ,14
རི,14
པོད,14
ཐར,14
མགོན་རིན,14
རྗེས,13
བརྗོད,13
རྒྱན,13
སེམས,13
གྲྭ་ཆེན,13
མདོག,13
བ་རིན,13
རྟོགས,13
ཉེ,13
སྐྱེ,13
རྩེད་སྤོ,13
ཅད་མཁྱེན,13
སྡེ,13
གི་ས,13
སྟོང,13
རྩེ,13
ཁག,12
བཟོ,12
ཆོད,12
གྲགས,12
སྐྲུན,12
བཀའ་པོད,12
འཕྲོད,12
ཕྱོགས,12
སིམ,12
བ་སྔ,12
རིམ་སློབ,12
ཕན,12
ཉན,12
རང་སྐྱོང,12
དངོས,12
རྟགས་དག,12
ནི,12
སྐྱོང་སྤེལ,12
ཉིན,12
ཤིགས,12
ཁྲིད,12
ནོར,12
བརྙེས,12
ཕྱི,12
བ་རིག,12
ཟིང,12
པ་ཆེན,12
ཡོད་ལག,12
བ་རིན་པོ,12
ཀི,11
བ་ཕྱི,11
གཏང,11
བསགས,11
ལགས,11
ད,11
ཐབས,11
སྔགས,11
ཚོགས་ཚན,11
རེངས,11
ས་མ,11
རྫོབ་ཤེས,11
བ་འདུས,11
ག་ཕྱག,11
དགུ,11
རིང་ཆོས,11
ཉུང,11
པ་འདྲ,11
འོག་མ,11
དཔལ,11
བརྒྱད,11
འགལ,11
ཏཱ,11
ར་པ,11
ལེའུར་བྱས,11
རིང་ལྷ,11
ཤུགས,11
རམས,11
གཏན་དང,11
རྒྱུད,11
བརྩེ,11
ལེའུར,11
ལོན,11
གླིང,10
བསམ་སྒོམ,10
ཁོ་ན,10
བསྟན་སྲི་ཞུ,10
འབྱིན,10
བློ་གཏོང,10
ཏོག,10
མཚུངས,10
ཡུལ,10
མ་རིག,10
ལྷོ,10
གཞན་མཉམ,10
འགོད,10
རྩིས,10
བཟོས,10
འབྲས,10
སོ་ཡང,10
ཚར,10
མཉམ,10
བ་ཉིད,10
ལེ་ག,10
འདྲ་བྱས,10
འཛིན་ཆོས,10
འདུལ,10
བསྟན་སྲི,10
ངན,10
པ་ཟད,10
རོ,10
མ་རྟག,10
འཕྲིན,10
རྙེད,10
ལེར་ག,10
ལེར,10
འདུག་སྤྱོད,10
མ་གཙང,10
བརྟན,10
ང,10
གོ་མ,10
ལྷག,10
གཅུགས,10
ཕོག,10
རྩོད,10
ཙམ,10
བཟང་ཆོས,10
སྲུང,10
བསམ་རྣམ,10
གཙོ,10
གྲོ,10
ཙི་སྒམ,10
ངག་ཡིད,10
སྤྲོད,9
གྷ,9
བསྐོར,9
གཏོང,9
ཞིབ,9
བཙན་སྒམ,9
མོང,9
བདུན,9
ཡང་མེད,9
པོ་ཆེ,9
ཉིད་རིག,9
དྲིན་ཆེན,9
ཙཱའི,9
དོན,9
ཉིད་ཀྱི,9
ཤིས་རྟགས,9
བ་རིགས,9
འབྲིང,9
སྒྲིག་ཚོགས,9
གསུང,9
དོང,9
གུ,9
ཡངས,9
གཏན་གསུམ,9
བྲལ,9
ཉེས,9
མི་སྲིད,9
དེ་ཁོ,9
བཅུ་ཞེ,9
སྙེད,9
སྦྱིན,9
མ་འཇུག,9
ནག,9
བསྐོར་དུས,8
ཕྲ,8
མདའ,8
དབུས,8
ཤོར,8
རྒྱ་ཆེན,8
འཐུང,8
ལྟ་བར,8
འཇག,8
ཟད,8
བུ་དམ,8
འདས,8
པར་རྫོགས,8
ཡོན,8
འགྲུབ,8
སྐྱུར,8
གོས,8
ཆད་ལམ,8
སྤྲད,8
ཅང,8
འགྱུར་དངུལ,8
་་་,8
དྲན,8
དར,8
ལས་ཁག,8
འབབ,8
རྟ,8
ཚོང,8
ཁ་ག,8
ལྗོངས,8
བ་ཚེ,8
མ་ཚང,8
མི་འོང,8
སྐྱེས,8
ལི,8
པ་ཐམས,8
རྒྱག་སྒོ,8
འཕོ,8
རྟོག,8
སྐྱ,8
ཚགས,8
དམན,8
ལབ,8
བ་དྲིས,8
པར་འབྱུང,8
ཤས,8
ཁྲོད,8
ཁེལ,8
སེར,8
འཁུར,8
ལ་བྱེད,8
བསལ,8
སྔོན་ཞིང,7
རྨོས,7
བྲིས,7
བླ,7
མཐའ,7
བཅའ,7
ཚིག,7
སྟེགས,7
མཁན,7
སླེབས,7
སུའུ,7
སྤྱད,7
འདུས,7
གྲོལ,7
འཇིགས,7
བཟང་སེང,7
ལོངས,7
པར་རིག,7
གཏན་གཉིས,7
ཁྲོན,7
ནེ་དགོན,7
བོ་སྒྲོལ,7
པ་ཤེས,7
བླངས,7
བ་ག,7
ཟ,7
་་་་,7
ནང་ས,7
རྩྭ,7
ཁྲིམས,7
ཅི་ལོག,7
འོངས་པ,7
གོང་མ,7
མི་དད,7
སྤེན,7
སྦྱོར,7
ངེས,7
ལང,7
ལྷ,7
སར་རྩྭ,7
ཐམས་ཅད,7
འདྲེས,7
བོད,7
དཀར་ལྷ,7
ནུས,7
བྱིན,7
དང་པོ,7
དྲག,7
གྱིས,7
རྩྭ་དགུན,7
བུར,7
ཞབས,7
འཛིན་གཡང,7
འཛུགས,6
གཞུང,6
བརྒྱ་ལྔ,6
ཤེ,6
བལྟ,6
བལྟས,6
རྒོལ,6
འགྱུར་ཡང,6
ཀླུང,6
མཁྱེན,6
འབྲས་མན,6
དོའི,6
བཙུགས,6
བྷོ,6
གདམས,6
བཞི་སྒང,6
ལྡན་ཆོས,6
མ་དགོན,6
འཁོར་དབང,6
དོག་དཀར,6
འདྲེན,6
བཟང་ཐོགས,6
ཏུ་གྱུར,6
ཡིན་པ,6
བཏགས,6
མཆོད,6
གུམ་བཙན,6
མཐོན,6
མདའ་སྐོར,6
ཞང,6
ཉུང་མི,6
རིང་བསམ,6
མ་ཐག,6
བཙུན,6
ཁྲ,6
གྲོ་གུང,6
ལ་རས,6
བཀོད,6
བསྟེན,6
ཤིས་ཆོས,6
བློན,6
ཕྲུག,6
རེ་ག,6
ཆུང་ཆོག,6
ཚོད,6
བསྟན་ལྷ,6
ཤག,6
མིན་རོ,6
འབུམ,6
ཁང,6
ཀྱི་འཁོར,6
ལྟོས,6
ལངས,6
འཕེན,6
མཛེས,6
སྙད,6
གུང,6
པར་སྨིན,6
གུམ,6
པའི་སངས,6
བའི་བླ,6
དོའི་སྡོང,6
སྐྱོ,6
མ་ཀ,6
མགོ,6
དབུས་མཐོ,6
ལག་བརྒྱད,6
ཅིན,6
སྨད,6
འཛིན་ནོར,6
རྗེ་ཆེན,6
འབྱམས,6
ཐབས་མེད,6
ཡི་སྐྱེ,6
ཐུབ་ཅི,5
ཕལ,5
བཏོན,5
བསྟོད,5
སྦྱངས,5
མེར,5
མཆིས,5
མངོན་པ,5
པོ་ཆེན,5
སུ་ཡི,5
བྱའི་སྐྱེ,5
ག་རང,5
རྨོས་ལོ,5
བྱའི,5
ཐ,5
འགགས,5
བསམ་འཁྲི,5
པའི་རྩེ,5
མ་རིན,5
རྣམ,5
པ་མ,5
ཤུགས་བརྒྱུད,5
ལྷག་ཟུང,5
རྐུན,5
བྱུང་གི,5
འབྱུང་བདེན,5
གཏུགས,5
སྨན,5
ལམ་འབྲས,5
རིས,5
དུ་ལེན,5
བསྐྱོད,5
སུ་ཤེས,5
འདྲི,5
སྐྱོང་སྲུང,5
རྩོད་རྩོམ,5
འཕྲུལ,5
ཞག,5
སུ་ལེན,5
མི་ཤིས,5
ཚངས,5
རྟེན་འཁོར,5
སུའུ་ཞིང,5
ཇི,5
ཀྱི་སྐྱེ,5
མཚོན,5
ཤུ་བདུན,5
ཤམ,5
ལུ,5
ཐོས,5
ཐོག,5
ཞི,5
འཇོག,5
སྲོང,5
རྗེ་སེམས,5
ཀྱི་ཉི,5
དྲུང,5
ཉིད་ཆེན,5
ཐོན,5
པའི་བྱང,5
པོའི,5
ལན,5
ལས་གཞན,5
ངོ,5
ཟེར,5
ཚད,5
པ་ནང,5
ཁེ,5
རིགས་སློབ,5
དམར,5
ཚ་དགོས,5
གནང,5
བྲག་སྨྲ,5
ཤོད,5
ཅག,5
དབང་སྒྲོལ,5
མ་ཉིན,5
རཱ,5
ཨ,5
བཙན་ལག,5
དང་ཕྱེད,5
སྐད,5
ཤན,5
གསང,5
དངོས་རྗེས,5
རྗེ་ཆེ,5
མེ,5
རིའི,5
བའི་ཆ,5
ན་མིན,5
སྟོད,5
གི་མཚན,5
མེ་རི,5
མཐོང་ལག,5
ཚོ,5
པ་བཀའ,5
དུས་ཙ,4
བཨ,4
རོལ་གྱི,4
བཟང་རྒྱལ,4
མཆོད་ཆེན,4
ཆོལ,4
ཧོའོ,4
ཎི,4
བཟུང,4
སྟོབས,4
སོར་ངེས,4
པ་ཉམས,4
མོའི,4
དཔྱད་རིག,4
སྐབས,4
སྟོང་ལྔ,4
གཙོ་གཞོན,4
སྦྱོང,4
རྗེ་ཚེ,4
ཅོག་ཞང,4
བར་གཤེགས,4
ཧྥི,4
ཁུ,4
སུ་དྲན,4
པར་གཞག,4
ཐག་རྦད,4
བ་བཟང,4
ཁར,4
སྨིན,4
མ་བྲལ,4
སེ་ཀྱོག,4
ཤིས་ལྷུན,4
ཆག,4
ཧྥི་རི,4
བོང,4
དོ,4
གཞུག,4
ཁྱབ་རྡོ,4
ཙྭ,4
ལའི,4
མདོ,4
ལུང,4
ཐང་དཔར,4
འཛིན་དཔལ,4
ཡང་རུང,4
གདོང,4
བརྟེན,4
མོང་མ,4
ཁོལ,4
སངས་སྤུན,4
གཙོ་རྣམ,4
དབང་ཡོན,4
གྲུབ་ཚེ,4
ས་ཆེན,4
གཡོག་ལམ,4
བཅོམ་པ,4
ཏན་རྒྱ,4
སྣ,4
པ་བདེ,4
ཅི་མ,4
སྨྲ,4
ཤེས་འབེབས,4
འབྲིང་ཐ,4
ཟག,4
རིགས་ས,4
གླིང་སྤྱི,4
གི་དབང,4
སྦྱིན་ནག,4
གསུངས,4
སྙན,4
རེངས་ཐ,4
རྗེ་དབང,4
གཡོག,4
འབྲེལ,4
དགྱེས,4
ཁྲ་ཟིང,4
བཤའ,4
མེད་དབང,4
གསུམ་མངར,4
རྒྱུག,4
དགོན,4
ཀླུང་གཙང,4
ཚོན,4
ཚུགས,4
པར་རྒྱལ,4
སྲོལ,4
ཐག་ཆོད,4
དཔྱད,4
འཇོན,4
རོང,4
ཐང་ཆེ,4
གཞི,4
ཡུལ་གཅིག,4
ཡོད་ཆོས,4
ཡིག,4
རིགས་སྣ,4
ཁྲོན་ཞིང,4
ཚོམ,4
ནོར་ལུག,4
མཆེད,4
ཚོས,4
ཆེན་རིན་པོ,4
ཙུང,4
བསྙེན,4
བློན་ཁྲི,4
ཙེ,4
ཀོ,4
བཀོད་རྒྱུད,4
ཞིག,4
བསྔལ་བདེན,4
རྒྱུས,4
པི,4
གྱི་ཁྲི,4
མའི་འོད,4
འཁྱེར,4
མཐུད,4
ནུ,4
ནཱ,4
ལའི་བླ,4
བྱང,4
སྲོང་ལྡེ,4
སུ་འབྲང,4
རྗེས་གཉིས,4
ཁུར,4
གྱི་བདག,4
རྒྱས་ཆོས,4
སྦག,4
འཛིན་ལྷན,4
མ་ཚོས,4
ཧྲཱི,4
ཁྱུང,4
ངག་མེ,4
གངས,4
བུའི,4
ཤུ་རྩ་གཅིག,4
དབྱངས་བཞད,4
ལྡོག,4
མདོག་ཁ,4
པས,4
ཅོག,4
རེག,4
རྙིང,4
པའི་གཞི,4
ཕན་གཅིག,4
པ་སྣ,4
མ་སྒྲོལ,4
རྒན་ཆེན,4
མི་བདེ,4
གནས་གསར,4
མ་ཚ,4
ཆེན་རིན,4
དཀར་སྤྲེལ,4
ཆུང་ཚགས,4
གཞག,3
ལ་མེད,3
ཐམ,3
བཅུ་ང,3
བདེན,3
མི་སྙམ,3
མ་སི་ཨ,3
ཆེར,3
གཤེར་རྩམ,3
དབང་མེད,3
སུ་དག,3
བ་བཤགས,3
མ་ཇི,3
གསུང་ཐུགས,3
ན་སྡུག,3
པོ་མེད,3
འཐེན,3
བར་མཁོ,3
ཕྱོགས་ཁུག,3
སྲས,3
གྱིན,3
སྒོར,3
ནམས་དཔལ,3
ལག་བཞི,3
པའི་དགའ,3
རིམ་ཆེན,3
དྭགས,3
སུ་རུང,3
ནམ,3
ཏོན,3
སེམས་མཉམ,3
ཙོག,3
ག་ཐེ,3
བླུག,3
སྐོར་ལམ,3
དབྱངས་རྒྱ,3
གཡག,3
བྱུང་ཁོར,3
ཁམས་སྡེ,3
སོངཨ,3
བསམ་འགྲུབ,3
ཞེ་གཉིས,3
མི་གོ,3
ཀླས,3
བསགས་སྒྲིབ,3
རྒྱུད་འཕེན,3
བའི་དད,3
ཉག,3
པར་འཇུག,3
གོས་སྣམ,3
འཚོ,3
ངེ་སྨྲེང,3
མགོན་ཆེན,3
མ་ཁ,3
ཅིང,3
ཅི་མ་ལོག,3
བསྟན་སྨན,3
རྩེ་གཅིག,3
གསལ་དོད,3
ཏུ་འཛིན,3
སྨད་བར,3
དཀར་སྡེ,3
བུ་ཆེན,3
རྒྱུག་མར,3
སུ་མཐུན,3
སྦག་འཁོར,3
པར་བཞག,3
མོ་སྒྲོལ,3
་་་་་་,3
མིག,3
་་་་་,3
ཏེ,3
ལག་བཅུ,3
ནམས་ལྡན,3
འཛིན་ལྷ,3
འདོ,3
་་་་་་་,3
བུམ,3
རྒྱས་རྒྱ,3
བཟང་རྒྱ,3
ལཱ,3
ཀྱི་ཐེག,3
འཛིན་སྒྲོལ,3
པར་གནོན,3
ལྗོངས་སློབ,3
སྒྱུར་གཞུང,3
བཅད་རང,3
བྱད,3
རིམས,3
སྟོད་གྲྭ,3
ཊི,3
དབང་འཕྲིན,3
ཏོག་མདའ,3
ཧོང,3
ཁྲི་བཞི,3
རྟེན་ཆོས,3
རྒྱལ་ཚེས,3
འབར,3
ཆེན་དམ,3
ལྷང,3
ཨེ,3
གྱི་བདེན,3
བརྗེ,3
པ་ཡིན,3
བྷ,3
བརྟན་ཕུན,3
དུ་འཕོ,3
རྒྱས་མཁའ,3
མ་སི་ཨ་ཁེའུ,3
ཀྱི་རྣམ,3
ཤར,3
ངེ་འཛིན,3
ཡ་གཅིག,3
མ་ཐོགས,3
གི་ཚིག,3
དབང་ཆོས,3
བརྒན,3
ལེས,3
དུ་འོང,3
གཤེར,3
འཆམ,3
མ་བཞག,3
མངར,3
ཀྱི་ཕུང,3
ངན་ཞུ,3
རིང་བཀྲ,3
མོང་མ་ཡིན,3
འཆད,3
པ་བར,3
གསོག,3
གནོད,3
ཤལ,3
རིང་ཁ,3
པོ་ལྔ,3
གཉེན,3
མི་ཤེས,3
སློབ་པའི,3
མ་དམ,3
རིག་ལས,3
རིལ,3
འཇུག་སློབ,3
བརྡུང,3
འཆེ,3
པ་རྒྱལ,3
མ་དཀོན,3
འཛིན་ཟླ,3
རྒྱབ,3
ཕམ,3
ཅུ་རེ,3
སྒོ,3
པོ་བསྟན,3
པོ་གསུམ,3
བསྐུར,3
ཤི,3
ལམ་ཚིག,3
ཀློག,3
ཤིས་ཚེ,3
བཤད་རང,3
བར་ལེན,3
ཏོན་དགེ,3
དུ་བཏང,3
ཀྱི་སྟེང,3
དམངས,3
སུ་འགྲོ,3
ཀའོ་བྲག,3
རེངས་དང,3
ཆད་མེད,3
མ་སི,3
མའི་ལྟ,3
རིང་ནོར,3
གྱིས་བརླབས,3
ཀའོ,3
ཙཱའི་རྣམ,3
གཏང་རང,3
ཅེ,3
འབྱོར་རིག,3
རྒྱ་དབྱིན,3
རྗེ་འཇིགས,3
སྲིད་སྣ,3
བདག,3
ན་མ,3
དར་གཞོན,3
འགོར,3
ཙ,3
ཅུ་དོན,3
མཁའ,3
ཚིགས,3
དགེ་བ,3
ཕབ,3
ས་ག,3
བཏང་རང,3
མོད,3
ཐེབས,3
ཤུགས་ཆེན,3
ཆེན་བསོད,3
ཆར,3
མཐའ་བར,3
པའི་གཞུང,2
ནུར,2
རོ་ཙ,2
བཟང་བཀྲ,2
ལ་མིན,2
ཧུའེ་ཐེན,2
པ་བསྟན,2
ན་མི,2
མཐོ,2
རུ་སྡུག,2
ཡེ,2
འགྲོ་རང,2
ཏོག་ཕྲེང,2
གཟུགས,2
ཐོགས་ཆེན,2
ཤུལ་དགོན,2
ཞྭ,2
ཆང,2
དུ་འགྲོ,2
ར་ལབ,2
སྐྱེད,2
པོ་དྲུག,2
གྱི་འབྲས,2
ཆེན་རྒྱལ,2
རྩོམ,2
ཆེན་རིལ,2
རྩལ་སྣ,2
བདེ་འཇིགས,2
བ་སྨོན,2
ཏུ་མེད,2
གནས་ཁོ,2
འཛིན་བཀྲ,2
ས་གང,2
འཛིན་ཡོན,2
བརྒྱ་རྩ,2
དཀོན,2
ཤིང,2
དུ་མི་རུང,2
ལུགས་གསར,2
ཀྲ,2
ལེན་བུ,2
གྲངས,2
ཚོགས་ཟླ,2
ཞུས,2
རྩི,2
ལས་སྒྲོལ,2
འཛིན་བདེ,2
ལྷོ་ནུབ,2
འཚོང,2
རྗེ་གདན,2
སྐྱེངས,2
གོམས,2
གཉེན་བསྟེན,2
རབས་ཚ,2
ཇིའི,2
འཁྱོལ,2
མཆོག་འཇིགས,2
མིན་དཱ,2
ཞིམ་འཐུལ,2
ལྡེ,2
རོབ,2
ཀྱིན,2
འབྲིང་ཆུང,2
གཞས,2
འཁྲུག,2
མ་བྱས,2
ཝེའི,2
བ་མཆེད,2
དཀྲིས,2
གསུམ་ཐེལ,2
གཏོད,2
བསྒྱུར,2
ཤུ་ཐམ,2
སྤུངས,2
ནུབ,2
དམིགས,2
ཅིག་མ,2
གེ་ཙིག,2
དུ་བྱུང,2
འབྲས་དགེ,2
ཉིས,2
དབང་བཀྲ,2
རེ་གནང,2
པོ་ཡག,2
རྫོགས,2
ཧྲཱི་ཎ་ཎ,2
མཇལ,2
ཟས,2
ཐང་སྡེ,2
པའི་གཞི་བཅུ,2
འཛོམ,2
ཆེན་ཟླ,2
ར་ཛིན,2
འདུན་གྱི,2
མོ་རོང,2
མ་བརྒྱ,2
འདྲའི,2
ཏོ,2
ནག་ཁྲ,2
ཁྱིམ,2
ཁམས་སྲུང,2
ཀ་ཁྲ,2
ཚིམ,2
པའི་ང,2
བོང་ཅལ,2
ལུགས་རྒྱུགས,2
འདེབས,2
ཤིས་གསོལ,2
དགེའི,2
འཐད,2
མའོ,2
ཛི,2
མིན་དབང,2
མེད་རྐྱེན,2
རྒྱས་དཀོན,2
རི་ལྷ,2
བཞུགས,2
ཤུལ་རྫོང,2
བསྡོམས,2
རོ་མ,2
བྷ་ཡ,2
སྟག,2
ཧྲཱི་ཎ་ཎ་ཧཱུཾ,2
འཛིན་དབྱངས,2
གསོག་སྒྲིབ,2
བཏབ,2
ཆུ་ཁ,2
སྙལ,2
དབང་ལྔ,2
བར་གནས,2
གཤིབས,2
སུ་མྱོང,2
མ་ར,2
བུ་མེ,2
བཅུ་རྩ,2
མདུན་དཔལ,2
འདུན་གྲུབ,2
ཚོམ་ཟ,2
རིང་ཐེལ,2
ཕྲག,2
རེངས་ཤར,2
ཅིག་སྐྱེས,2
གསར་རིན,2
རྐྱང,2
གཡང,2
པར་དབྱེ,2
འཇལ,2
ཤོ,2
འདྲིས,2
ཟིང་ལང,2
རངས,2
ཅིང་འབྲེལ,2
བ་སྔོན,2
དུ་ཟ,2
ཁོམ,2
མཛོ་གཡག,2
བསྒྲུབ,2
བཅོས,2
དྲང,2
བྲིམ,2
བ་ཅན,2
དམངས་སྲིད,2
ཟླ་སྐར,2
རྒོད,2
མོང་མིན,2
ལིང,2
གསར་རིན་པོ,2
རྒྱུན,2
ཐུང,2
ཡུག,2
ཇཱ,2
ལྟར་མ,2
ཤྲཱི,2
ལྕམ,2
ཐིང,2
ནང་གསང,2
སྐྱོ་ཆགས,2
གྱམ,2
དགེ་པར,2
འོག་བར,2
ཟད་སྔོ,2
ཏིག,2
གྲགས་ཆེན,2
སྙི,2
ལག་ལྔ,2
འཕགས,2
གསལ་ནང,2
བརྐོ,2
སྲོལ་བཟང,2
བསྐྱལ,2
འབྲངས,2
རྐོ,2
དཔལ་རྒྱ,2
ཆོ,2
གཞུང་དུས,2
ཇ་གཏོང,2
སྙི་ཟ,2
སྙིང་སྤྲོ,2
རྡུང,2
གསོལ,2
ལྕག་འཁྱུག,2
རིའི་ཉི,2
གི་ངོ,2
ནོ,2
ཆུན,2
འདབ,2
དྲུག་རྒྱུགས,2
དྲུབ,2
དགེ་མ,2
དཨ,2
གངས་ཅན,2
མི་རྟག,2
འགྲུས,2
འཛོམས,2
གྲུ,2
པ་ལྷན,2
ཀུན,2
མདངས,2
ཡལ,2
ལྷ་མེ,2
འཐེན་འཁོར,2
ཐང་དགོན,2
དེ་གུང,2
ཏུ་འབྱིན,2
འདུག་འགྲོ,2
དབྱང,2
རལ,2
མ་ཁུག,2
ཏྲ་ཐེལ,2
སྙམ,2
དྲུང་ཐེལ,2
འུར,2
ཆོས་ཆེན,2
གདུག,2
པ་བཅུ,2
ལྟར་མང,2
སྲས་སྣ,2
གཞོན,2
ཁམས་སྒང,2
ལྡན་བཟང,2
པའི་དབང,2
འཕར,2
བར་མཚོན,2
མགྱོགས,2
རྒྱགས,2
འདུག་གཨ,2
མྱེས་རྨ,2
རྐྱེན,2
ཆེ་བྱེ,2
གསལ་ཐག,2
མདོག་དཀར,2
འདུན་ཉི,2
ཚེས་ནོར,2
བརྗིད,2
བསྟན་རྒྱ,2
བསླབ,2
བུ་རིན,2
ཕུང,2
རབ་འོད,2
ཁ་ན,2
སཱོ,2
དེབ,2
ལྡན་ཤར,2
བསྐོས,2
ཆུད,2
ཡན,2
མ་སྙོམས,2
སྟག་ཕུན,2
སྦ,2
གཡང་ལྷ,2
ཆེན་འདུ,2
དཀར་ཐེལ,2
པོ་ཀླུ,2
ཉེས་ཁ,2
སྲུང་བཀའ,2
བོ་དགེ,2
རིག་སྡེ,2
སོག,2
གྲོགས,2
འོས,2
ཐོ,2
མཐུན་རྒྱལ,2
ཚེས,2
འཁོར་ཐེལ,2
དུ་མི,2
སུ་སྤྱོད,2
བའི་བདུད,2
ཕྲེང,2
སྤྲོ,2
གྲུབ་རིན,2
དགེ་བཀའ,2
པའི་བདེན,2
གསོལ་ཕྱེ,2
ཚོད་ཐུབ,2
ནམས་གཡང,2
དཔྱོད,2
རྫོབ་བདེན,2
ཅན་ཆོས,2
གྷེས,2
ཧྲིལ,2
ཧྲཱི་ཧཱུཾ,2
བ་དོན,2
བ་མིའི,2
རིང་སྒྲོལ,2
རྔན་ལྷ,2
ཆེན་གྱི,2
ར་རྡོན,2
རིང་རྡོ,2
བའི་རིང,2
རྗེ་སྙིང,2
ཀྱི་དབང,2
གཡག་དཀར,2
སི,2
དབྱངས་ཆོས,2
པར་ལྟ,2
འཛིན་དབང,2
པའི་གནས,2
ཁྲན,2
འགྲིགས,2
ཞིམ་ལྡན,2
བསྟུན,2
པོ་དཀར,2
དན,2
རྩ,2
ལྕག,2
བཤད་གསེར,2
སུ་རྫོགས,2
དམན་གྱི,2
པ་འཛིན,2
ཐོ་ཐོ,2
དེ་ཁ,2
མཆོག་ལྔ,2
ཐར་དགོན,2
པ་སེམས,2
མ་དབང,2
རྩེད་རྒྱག,2
སར་བཤད,2
རྒྱབ་ཚོ,2
མཁོ,2
མོག,2
དབང་ཆེན,2
ཚོགས་ལམ,2
ཤུལ་སྐོར,2
ང་ཆུང,2
དཔལ་ཆོས,2
ཏན་ཀུན,2
ཁ་གྲོང,2
རྒྱལ་རྒྱ,2
སྦྱོང་གི,2
འགྲུབ་བཀྲ,2
ཀྱི་རིག,2
ཆུན་རྒྱུད,2
དབུས་ཁམས,2
རྙོག,2
མིན་འདུ,2
ཎི་རྡོ,2
མ་སྔ,2
འཁྲུལ,2
བོའི,2
ནམས་རྒྱ,2
ཀི་སི,2
ཤེས་མེད,2
བ་བཅུ,2
མཆོག་གསུམ,2
ལགས་དར,2
ལས་རྡོ,2
བྱན,2
ངག་མེ་ལོང,2
ཚོར,2
བ་སྒྲུབ,2
ལོ་དམར,2
པོ་རང,2
འདའ,2
པར་རྟོག,2
སྡེ་ཉི,2
ཆར་དུས,2
གྲུབ་རྒྱ,2
ཇཱ་སི,2
པ་མཚུངས,2
དག་པའི,2
མཛོ,2
སེམས་འཁོལ,2
འཆོས,2
རེངས་བར,2
རིས་སངས,2
གྲོས,2
ནའི,2
ལྗོངས་རིག,2
མི་ལྡོག,2
ཏྲ,2
ཉིན་ཚེས,2
གྲང,2
མ་རང,2
ལམ་འཕྲུལ,2
བཟོད,2
ཕྲན,2
གདམས་གསར,2
ཤྲཱི་ནཱ,2
ཅུ་གྱ,2
ན་རྡོ,2
གུས,2
ཤེས་པ,2
འཕོས,2
ལ་དེ,2
ངར,2
རྒྱུས་ཆེན,2
མའོ་ཧའོ,2
ཁུ་སིམ,2
པའི་ཉི,2
ཞིབ་ལས,2
འཐོབ,2
པ་མེད,2
འདལ,2
མཛོད་ཆེན,2
སྐྱེལ,2
དུ་འཕགས,2
བཅུ་ལྔ,2
སྐལ,2
ཐོགས་ས,2
བཅུ་གོ,2
གདངས,2
བྱེད་ཀྱི,2
མདུན,2
བསྟེན་སྨན,2
ཀྲི,2
མྱེས,2
བཅུག,2
ཚབ,2
ཞིང,2
ཡོ,2
རྟེན་ལྟ,2
བཟང་སྟོབས,2
ཟླའི,2
བསལའདྲ,2
མོ་ཁ,2
འདྲ་མི,2
ནམས་རྡོ,2
གཤེགས,2
བཟང་དབང,2
ཙཱའི་རིགས,2
བཞག་སྤང,2
ཐལ,2
བོ་ཏ,2
ལན་དཔའ,2
པར་ལེགས,2
ཡོན་ལྷན,2
རྗེའི,2
ལྡན་ལྷ,2
བསྟན་མཚོ,2
ཧྲཱི་ཎ,2
པ་བྱ,2
ཕྱེས,2
པ་ཡ,2
སྡེ་ཆེན,2
ལྷོ་བོད,2
ངེ་ཟིང,2
མང་ཀུན,2
རྔུབ,2
བློན་འབངས,2
ལ་མེ,2
རགས,2
ཡང་དག,2
འཛེམ,2
མཉེས,2
གུང་བཀའ,2
གཞས་གར,2
ཚ་སློབ,2
འབྱེད,2
བཞི་མཚམས,2
ཡུག་སྲུང,2
རྒ་ན,2
སྣང་མངོན,2
ཚེ་སྟོང,2
རིགས་རྒྱ,2
ཙང,2
དགུན་སྟོན,2
ཚོགས་སངས,2
ལེགས་དཔལ,2
རྩེས,2
སྩོལ,2
མ་སྔོན,2
ཐང་ཆེན,2
རྔན,2
ཙཱའི་ལག,2
ཅང་ཞིང,2
གུས་ཞུམ,2
ཝེ,2
བྲག་དཀར,2
ཐེངས,2
པ་ཀུན,2
མཚན་དར,2
སྐར,2
སྐྱིད་སྒྲོལ,2
འཛིན་འོད,2
བོད་ཤན,2
ཧུའེ,2
འདུན་དཀོན,2
ཚོན་སྣ,2
དབྱུང,2
ཤེས་སྒྲོལ,2
དོན་རིག,2
རྒ,2
བགྱི,2
གསུམ་སངས,2
ཇ,2
རྗེ་དགྲ,2
ལྡང,2
ཆིལ,2
འཛིང,2
བཙུན་འཇམ,2
མོ་སྔ,2
རྡོག,2
ཕྱིན་ཐེག,2
ཁྲིམས་འཆལ,2
སྲིད་ཟུང,2
ཤུ་དྲུག,2
གྱིས་གནོན,2
པ་ཕྱི,2
ཤུ་སུམ,2
རེདལགས,2
ཧྲིན,2
ལེབ,2
རྒྱུགས,2
བ་ཕུན,2
འབྲང,2
སིབ,2
སུ་དཔག,2
པར་ཞུགས,2
རིག་སྨན,1
ཤིས་ཉི,1
ཡ་འབུམ,1
བཟང་ཚེ,1
སྐྱིད་པོ,1
བཟང་རྡོ,1
ལུང་པུ,1
རྟ་འདྲེན,1
ཤེས་ཚེ,1
མ་མིན,1
བའི་ཡོ,1
རབས་གསར,1
གྱི་ཁྱད,1
ཞྭཅ,1
གཟུངས,1
སྤྱོ,1
ཕེབས,1
སྡོང,1
པ་ངན,1
གྱིས་མི་ཁྱབ,1
གམ,1
ཁང་ཆུང,1
ཤྲཱི་ནཱ་ལནྡཱ་ཆེས་མཐོའི་གཙུག་ལག་སློབ་གཉེར་ཁང་གི་ལོ་རྒྱུས་མཐའ་མའི,1
པོ་སྐྱོན,1
ན་མི་དགོས,1
བལགས,1
མ་སྨེ,1
རྐང,1
དུ་གྲགས,1
སྣང་གང,1
ཐོག་ཁ,1
བ་སྟག,1
གྲོས་གྲགས,1
ལྡིང,1
རྒྱལ་སྒྲོལ,1
ཇེ,1
དགའ་ལྷ,1
གཏམ,1
བཙུན་སྔགས,1
དན་དམར,1
ཧོང་ལྡེབས,1
ལུའི,1
འཁྲུད,1
པའི་ཆོས,1
དག་རྒྱུན,1
བསྐྱེད་དཔྱད་རྩོམདོན་གྲུབ,1
ཤྲཱི་ནཱ་ལནྡཱ་ཆེས་མཐོའི,1
ར་ཎ,1
གཞུང་ཞིབ,1
བསྒྲགས,1
ཧྲུའུ,1
ཀར,1
རྡུང་དཀྲོལ,1
ཏུ་ཆེན,1
ཏན་མགོན,1
་་་ང,1
རྩོམཚེ་དབང,1
མའི་མི,1
ཆུང་གནམ,1
ཚིལ,1
ཁྱུང་དགོན,1
རུ་སྲོང,1
འདུལ་གཉེན,1
མཚན་བཟང,1
སྡེ་ཕྱུག,1
དཔོན་རྣམ,1
བྱུང་ཚན,1
ཐེར་དམར,1
བལྔ,1
ལྡེ་སྲོང,1
བཟང་བདེ,1
སའི,1
སྔགས་རྙིང,1
པ་ལ,1
དགེ་བཅུ,1
དབྱངས་ཡེ,1
སྙིང་ལྡན,1
པ་སྒྲོལ,1
ཚོགས་གསར,1
རོག,1
ས་ཆོས,1
པ་ཚིམ,1
བཙགས,1
སྐོརཁྲི་རལ་པ,1
སྦྲུམ,1
ཞིང་གསལ,1
རིབ,1
ལས་འདས,1
སྭཱ,1
འབད་བསྐྱར,1
ཚོས་མ,1
རྩོམཁ,1
འདྲེ་མི,1
རིམ་འབྲིང,1
ཆུ་སྔོན,1
ཝུན,1
རིགས་ཡོད,1
ཚིག་གཙང,1
བུ་གླིང,1
པེ་ཐང,1
མ་གཏོགས,1
གུ་གོ,1
བཀོལ,1
ལག་(ཉག,1
ལྡན་འཁོར,1
གོ་མེད,1
ཟགས,1
སོངཨ་མ,1
རྫིང,1
ར་སིངྒ་ཏེ་བྷོདྷི,1
པ་འཕྲིན,1
མོངས་པའི,1
ཤིང་མཁན,1
བཟང་སྨོན,1
ཕྱོགས་ན,1
ཚང་དགོན,1
གནསབསྟན་འཛིན,1
མེད་དྭགས,1
ལག་ཟ,1
སྐལ་བཟང,1
བ་རྩུབ,1
པ་རྒྱ,1
་མགྱོགས,1
པ་སྙིང,1
བསྐྱེད་དཔྱད་རྩོམདོན,1
རིམ་ཆེ,1
པོ་དོ,1
རུང་བ,1
འབུམ་དགོན,1
སྣུམ,1
བ་ཡ,1
ཅིའི,1
བའི་ཁོ,1
ཟོར,1
འཁུམས,1
འཕྲུ,1
ཊང་ཀོ,1
སྟོང་སུམ,1
ར་མ,1
བྲང་སྐྱས,1
ཚོགས་གསར་འགྱུརམཚོ,1
སྲུང་ཚེ,1
ལོ་ཞེ,1
བཛྲ་ཧ,1
མཁའ་བྱ,1
ལྟ་བུ,1
ཆེན་ནོར,1
ཤག་་་,1
ལོང,1
ལུང་པུ་ལེ,1
པོཆུ,1
བྲག་གྲུབ,1
ཤག་་,1
ཧ་ཧ,1
མ་བདེ,1
ཆེ་པཎྜི,1
བརྡར,1
མེད་ན,1
འདལ་བ,1
ཤིས་སེང,1
བགྲེས,1
རྒྱག་རྡོ,1
འཚལ་བ,1
བཅུ་གོ་བཞི,1
ཁྲིམས་རྒྱ,1
རྒྱལ་གཙུག་ན,1
འཐོར,1
མ་བསོད,1
ལོམ་མ,1
བཤདམཐོ་རིམ,1
མགོ་ཚུགས,1
ནི་རེད,1
གི་བཙན,1
ཁ་ཚ,1
གི་ཙིག,1
དཏག,1
མཆོག་རྒྱལ,1
བྱུང་མ,1
ཀྱི་མེད,1
འཛག,1
བྱོས,1
བཤདམཐོ,1
ཆེན་ལྷུན,1
བྷོ་ཌི,1
དྲི་མ,1
་་་་་་་་,1
བསོད,1
བ་ཡི,1
ཐོས་ཀྱི,1
རྗེབཙུན,1
གལ་ཆེ,1
ཡི་མེད,1
ཤུལ་སྐྱེ,1
པའི་སྡེ,1
འཛིན་འཛོམ,1
ཙི་ཡོད,1
ལོས,1
རཱ་མཐོ,1
འགྲས,1
སོང་བརེད,1
རེདརྡོག,1
ཤཱཀ,1
བཏུབ,1
ཅན་ཆོས་རྒྱལརྒྱལ་བོ,1
ཉུག,1
བཤེས་དཔལ,1
འོག་དགུ,1
གྱིན་འཁྲན,1
གཅིག་པུ,1
ལ་འབེབས,1
བཞར,1
པོ་ཨོྂ,1
གནས་བྱས,1
སོང་ངཁ,1
དགེའི་དཔར,1
གྲོལ་ཆོས,1
དཀར་ལྡན,1
རྩོམཚེ་དབང་དཔལ,1
ཁྱོ,1
རོའི,1
བཤད་ལྗོན,1
རེ་སྡུག,1
སུ་ཡོད,1
སྡེབ་མར,1
སྦལ,1
ནེ་བྷཱ,1
རིགས་མང,1
ཆུང་གྲྭ,1
ཞེན,1
སྒོ་ཚང,1
ཏིན,1
རིས་རབ,1
སྐྱ་དགོན,1
བྱེད་སྤྱོད,1
བརྗིད་ཁོག,1
རྭ,1
མ་མ་ཡིན,1
ཕྲན་བཅུ,1
འདྲས,1
དྲུང་ཚེ,1
སྐོལ,1
དཔལ་བཀྲ,1
འཇགས,1
པའི་ཡན,1
འགྲོའི,1
ས་རེདཁ,1
ནམས་རྒྱལ,1
བུའི་མེ,1
རག་སྒོ,1
པོའི་རྡོ,1
དྲེག,1
ཁ་བ,1
ཞུན,1
སོ་ཕྱེ,1
ལེ་ཉིལ,1
པའི་བསྟན,1
འབྲིང་མཐའ་གསུམ,1
སྲིན་སྡེ,1
ལེན་གར,1
དང་དགུ,1
རིགས་རང,1
རྗེ་འཆང,1
འགྲོའི་སྐྱེ,1
མི་ཕྱག,1
བཟང་དོན,1
སྐྱེས་རྡོ,1
པ་དགུ,1
འཛི,1
འགྲུས་གྲགས,1
བཅད་བརྡར,1
གཉེར་ཁང,1
ནས་མཇུག,1
གཉིས་སྨྲ,1
ཁུ་འཁྱིལ,1
མོ་གླང,1
པའི་དགེ,1
འཕྲིན་ཚོགས,1
ཆུ་ཁྲོམ,1
ཡོན་སྲིད,1
ལྗོངས་སྒྱུ,1
འབད,1
གུང་བདེ,1
ཚུལཁ་ལོ,1
ཐོས་བྱང,1
བཤེས་མ,1
སུ་མེད,1
བཙུན་མི་ལ,1
འབྲས་དགའ,1
མགོན་བཀའ་བརྒྱུད,1
དུམ,1
མཆོག་ནོར,1
ཀྱི་སྐོར,1
བཅོལ,1
དུ་བཟང,1
ཅན་སྒྲོལ,1
ས་༸སྐྱབས,1
པོ་བདེ,1
ནི་མ,1
འབྲི་རྫ,1
ཞེད,1
གེ་སར,1
དྲག་རིང,1
བྷི,1
མ་ཕྱེད,1
དེ་ནས,1
ན་འཁྱུག,1
གཟེངས,1
གཏོར,1
ཡིན་དུས,1
རོགས,1
གཟིགས,1
སྐར་ཉེར,1
མའི་སྔ,1
ཊང,1
བྲིམ་ཡུལ,1
འདས་དབྱེར,1
སོག་མཐོ,1
དཔལ་ཡོན,1
བཛྲ་ཧ་ས,1
བསྟན་རང,1
ཀི་ངུ,1
བཞི་ཚང,1
རྫི,1
བཏང་བ,1
མུའུ,1
རིགས་སྲིད,1
འཕྱུགས,1
ཁྲལ་ལག,1
བུ་རབ,1
”ཞེས,1
ཀན,1
འཁྱམས་མར,1
གཡོལ,1
བྱེད་ཀྱི་སྡུག,1
འདས་སོ,1
མོ་ཀྲུང,1
རེས,1
ལོབས,1
དང་བསོད,1
པ་སྤུན,1
ལྡན་རྣམ,1
ནང་ཚོ,1
གཙོ་སྨྲ,1
ཧྲ,1
གང་མི,1
བསྲིངས,1
མགོན་བླ,1
ཕྲེང་བཞི,1
པ་འཇམ,1
བཟང་ང,1
ནོར་རྫོང,1
བརྟེན་རང,1
འགྱེད,1
ཕུབ,1
ཁྲིམས་བློ,1
རྨ,1
བྱན་ཆུད,1
ཨུས་རྒྱུན,1
པོའུ,1
བརྒྱ་བཞི,1
རྟ་འཁོར,1
འདུ,1
ཙོང་ཁའི,1
བྲང,1
ནམས་ཀྱི,1
རྣས,1
སྒྲུབ་འགྱུར,1
རྗེ་མཚོ,1
སྟོང་བདུན,1
ཤིས་རྟེན,1
སམ,1
ཤྲཱི་ནཱ་ལནྡཱ་ཆེས་མཐོའི་གཙུག་ལག,1
ལུང་མན,1
པ་དབང,1
སྣོད,1
པོ་ར,1
དབང་བྱམས,1
ཀྲ་ལི་ལུང,1
བརྗིད་མཐའ,1
སྔགས་ཟུང,1
སྒྲེང,1
ར་སིངྒ་ཏེ་བྷོདྷི་ཡེ་སྭ,1
སྲེག,1
བཟང་ཤེས,1
ལས་གྲྭ,1
ཟོམཁམས,1
རྫསགངས,1
ཁྱིམ་གྲོང,1
ཕྱེ,1
བྱི,1
ཆོལ་གསུམ་ཡོངས,1
ནིལྟས,1
བསྲེགས,1
བསམ་བརྗོད,1
བགློག,1
ཤིས་གཏེར,1
རྔམས་སྐྱེས,1
མ་བརྒྱད,1
ཀྲུང,1
བསྐྱེད་དཔྱད,1
དངུས,1
ཕྱིན་མངོན,1
པེ,1
བསྐྱངས,1
ཀྱིས་དབྱེ,1
ཤིང་ཀོང,1
པ་སངས,1
སོར་སྡོམ,1
བཀུག་མར,1
ར་ཆོས,1
མ་བསྟན,1
ཁོང་རུས,1
མ་འདྲེས,1
པའི་སྒྲོན,1
དྲོན,1
བླང,1
འཁོར་དྲ,1
སྲས་རིན,1
བདུན་གཡུ,1
ལོངས་བྱུང,1
སྟབས་བདེ,1
(ཕྱེད,1
བསྒྲིལ,1
དཔལ་བསྟན,1
ཆེན་ཚངས,1
ཀྲ་ལི,1
ཁོག་སྣུམ,1
གཟེར,1
སྲིན,1
པོ་སྟོབས,1
དང་བརྟེན,1
ལེ་ཀུན,1
པ་གསོད,1
ངབྱས,1
གདམས་གསར་མ,1
གསོབོད,1
སྡེའི,1
ཞང་རྡོ,1
རབ་མཚོ,1
བཅོ,1
རྔམས,1
པ་ཉོབ,1
མི་གྲགས,1
བུ་བླ,1
འདྲུད་འཁོར,1
ཐེག,1
འཕྲོད་ལ་མ་འཕྲོད,1
ཁྱེར,1
གླིང་སློབ,1
མི་འདྲ,1
གྲུབ་ཕོ,1
མཐར,1
འགན,1
ར་པ་ཙ་ན,1
ན་བརྒྱ,1
འདེབས་གནང,1
ར་ན,1
སྒྱོགས,1
སྒྲུབ་དགོངས,1
སྤོབས,1
ལུགས་རྒྱུག,1
གྱི་གནས,1
ཁྲིམས་རིན,1
འགྲོ་ཚུར,1
སྙོབས,1
རྩ་ཆེན,1
ཏུ་བྱེད,1
གྱི་ལེགས,1
རོམ,1
གར་ས,1
ར་པ་ཙ,1
བཟང་བཟོད,1
གྲོལ་མི,1
པོ་ཨོྂ་ཡ་མིན,1
རླུང,1
ཕོད,1
བརྫི,1
འཁྱམས,1
འཁྱམ་མར,1
རྗེ་འཆང་ཆེན,1
ལ་ཞ,1
བཀྲམ,1
རྗེ་ཀརྨ,1
སུ་འཛིན,1
པལ,1
རྒྱལ་བཀྲ,1
གླེང,1
ཚིག་སེམས,1
ཡ་ཞེད,1
ཤྲཱི་ནཱ་ལནྡཱ,1
འདུན་པའི,1
དབྱངས་རྣམ,1
གང་ཐད,1
སྐྱོན,1
ཇའི་ནཱ་ཐུ,1
དང་ལྔ,1
ཏུ་བཟང,1
བཞའ,1
ཀྲེ,1
ཆེན་སེམས,1
ཚུགས་ལྡན,1
ལག་དཀར,1
བ་མེད,1
གོ་ཡི་མ,1
འདྲེན་པ,1
པ་དཀར,1
རིང་སང,1
སྦྱང་རང,1
བཅད་ངོ,1
ནོ་ཏ,1
གཡུག,1
སྟོང་ལྡན,1
བྱས་རང,1
རྒྱ་ཐོས,1
འགྱེད་གཏོང,1
ཁ་འཛོམས,1
པའི་དད,1
ཁེངས,1
ཊི་མི,1
མེད་རྒྱལ,1
བྲག་དགའ,1
གཏག,1
ཤིས་རྡོ,1
#ཁྲི,1
བཙུན་མི་ལ་རས,1
བ་ལྟག,1
དབེེན,1
ཤིས་བརྩེགས,1
བ་ཟླ,1
སྒུལ,1
གཁྱོད,1
འབོལ,1
མེད་ཉེས,1
བསྟན་གཡང,1
བྷུ,1
དགའ་རྒྱལ,1
གཅིག་བཤད,1
སྦྱར,1
སུ་ཡི་རངས,1
གིན,1
རུ་རིན,1
ཀྱི་སྒང,1
སིང,1
ནམི,1
སོང་བརེད་བ,1
རྗེ་སློབ,1
གྲོས་རང,1
རེད་དཁ,1
སེང,1
རབས་རོལ,1
དཀྲུག,1
བསྟར,1
བཟང་གཡུ,1
པབསང,1
ཚིགས་རིག,1
སྟངས,1
སྒྱོགས་གཟིངས,1
སཱ,1
མཚན་ཆོས,1
དཀྱིལ,1
བརྗེད,1
ཚང་བཀའ,1
པ་བུ,1
ཡུལ་བིས,1
རིང་བདེ,1
འབྱུང་སྐྱེས,1
ཟླ་ལྔ,1
སྤྲུལ,1
ནི་རྫུན,1
པ་བཟང,1
རྒྱུག་འགྲན,1
སར་སྦྲ,1
བ་ནང,1
ཚིགས་བཞི,1
འཁྱམ,1
བསྒྲིགས,1
སྟབས,1
སྟོན་དྲ,1
རྡོ,1
གསད,1
བལྟོས,1
རྒྱལ་གཙུག,1
དབྱངས་བཀྲ,1
པ་གྲྭ,1
འུར་ཟིང,1
ནི་དེ,1
སུ་གནང,1
བཅོམ་པ་དྲུག,1
བརྡ,1
གོན,1
ཀི་ལན,1
དམ་སངས,1
འཇིགས་པ,1
བཟའ་ཨ,1
ཚོད་,1
གོཡ,1
ཕུ,1
བ་ངན,1
པར་བཀྲ,1
སྒུར,1
གྱི་ཕོ,1
བུ་གསུམ,1
ཡང་ནམ,1
ཐེར,1
བཟང་མཁྱེན,1
པར་དྲ,1
ངོར,1
ངན་མེད་པའི,1
པ་ལྔ,1
རྗེ་འཛིན,1
ཉམས་ལྡན,1
མེད་པ,1
མ་བཞི,1
ཤེས་རྒྱལ,1
དགེའི་པར,1
ལས་མཁས,1
བྱང་རིན,1
ཐེ,1
ཞག་དོད,1
མཆོག་རིན་ཆེན,1
ཤིས་རྫས,1
དབང་རྟོགས,1
སྲིད་སྤྱི་ཁྱབ,1
བླུགས,1
ཤྲཱི་ནཱ་ལནྡཱ་ཆེས་མཐོའི་གཙུག,1
རྗེན,1
རབ་གྲགས,1
མ་གཉིས,1
བཅུད,1
ལྗི་མང,1
རྗེའི་ནེ,1
སྟེ,1
ཤོསདེ,1
གཏོགས་,1
བརྟན་བཀྲ,1
མཚས,1
ཡིག་ངག,1
པོ་དེ,1
པོའི་ཕོ,1
ཏིབློན,1
ཞོར་འདུག,1
མི་མི,1
བརྩོན,1
བ་མནར,1
པ་རྒྱག,1
ཐ་དད,1
ཐང་མེད,1
བོ་རྡོ,1
ཨར,1
པའི་ཚོགས,1
གོའི,1
ཏོག་སྣ,1
གསུངས་བཀའ,1
ཤགདེ,1
སྟོབས་ལྡན,1
རུ་ཆེ,1
ཐུལ་སུམ,1
བས་ཐོབ,1
འཕྲེང,1
ཚུལཁ,1
བློ་གསར,1
འབོད་གཡང,1
བ་སྐྱིད,1
ཕྱེད,1
ཏོག་མ་ལི,1
བོ་དགེ་ལྡན,1
བཟང་གྲགས,1
་རན,1
སྦོམ,1
དྭངས,1
མོས་སྙན,1
མ་འོད,1
སྟོན་པ,1
བཟང་ལྷུན,1
ཆོལ་གསུམ,1
འདེམ,1
ཡོད་པ་མ,1
སྲིད་སྤྱི,1
རིམ་བཅུ,1
མཁྲིས་བད,1
སྒྲེང་ཡང,1
བསློབ,1
ན་རྫུན,1
ཚན,1
སེ་རི,1
ཙག,1
ཆ་སྙོམས,1
མ་ཕྱི,1
གསེབ,1
ཅིག་ཉིག,1
ལས་སླ,1
དམ་བདེན,1
བཟས,1
མོའི་བླ,1
ཁྲོན་དཀར,1
ཤིས་ཁོང,1
མི་ཆད,1
འགྱུརབོད,1
ཆེན་ཚངས་པ་དཀར,1
སྣ་ངོ,1
སྤུངས་བཤད,1
པོ་ཆུང,1
ལ་སོགས,1
ཧ་ཀ,1
རུ་སྟོད,1
བཅུ་དོན,1
་་་་་་་་་,1
བསུབ,1
ཉམས་གོང,1
ལྡིར,1
འབྲེལ་རབ,1
བསྙེག,1
འཛུལ,1
པ་མུ,1
ཤེས་སྟོབས,1
མ་ཉི,1
བོའི་མི,1
སར་རྟོད,1
ལས་ལྷག,1
འཛིན་ཚེ,1
དཔྱོད་ལྡན,1
ནམས་པད,1
བཟང་བླ,1
བསྟན་དཔལ,1
པོ་རིན,1
ཁྲོན་མི,1
འཐོར་དགུ,1
ཚང་མེད,1
ཤྲཱི་ནཱ་ལནྡཱ་ཆེས་མཐོའི་གཙུག་ལག་སློབ་གཉེར་ཁང་གི་ལོ་རྒྱུས,1
བཤད་གང,1
པ་སོང,1
སྤྱང་ལག,1
རྒྱ་ཤན,1
ནི་དང,1
འཁུར་ཅན,1
མིན་ཁ,1
ཤེས་དཔལ,1
ཨུས,1
ཞད,1
སིལ,1
ཤོགས,1
བོ་དགྱེ,1
གསལ་སོ,1
ཁ་ཉུང,1
ལ་རེག,1
ས་གྲོང,1
སར་རིག,1
ཆུབ་ལམ,1
སྒེར་ཡིག,1
མ་ད,1
དང་བསྐྱར,1
གདམས་དགེ,1
ཚོ་ཨུ,1
མ་མ,1
ལེ་ཀུན་ཐོ,1
གཙོའི,1
ལུས་མེད,1
གྲུ་བཀའ,1
ཀན་གཙུག,1
འབྲུ,1
མ་ཡོལ,1
ནེའི,1
རྡུའི,1
རུ་ཁ,1
རིང་དབྱངས,1
ཉར,1
ཟེ,1
རིམ་བསྡུས,1
ཧེ,1
མེད་སྣ,1
བུ་གདོང,1
བསྲེས,1
མིག་ཡར,1
སྐར་བཟང,1
སུ་འབྲེལ,1
འཆའ,1
མི་ཚོས,1
ལིན་ཁྲུན,1
རྕེད་སྤོ,1
ན་ཏག,1
ཛིག,1
གྲིས,1
ཇའི,1
རྒྱུད་གསེར,1
ནམས་དབང,1
པ་ལྷུན,1
མི་རི,1
བུ་མགོ,1
གྲུ་མཉམ,1
ཁ་བ་ཅན,1
མ་ཕྱིན,1
ངུས,1
ཀྱིས,1
གཅིག་རྐང,1
འདུགལག,1
གྱིན་དྲན,1
མོ་འབྲུག,1
ཏིག་དམར,1
བོ་དགེ་འདུན,1
སྲིད་དཔྱད,1
ཡས་དགོན,1
ཁང་ཆེན,1
ཀྱི་གྲགས,1
ཐག་རིང,1
རིང་ཅན,1
མངའ,1
དམ་པ,1
འདུན་བྱང,1
གྱར,1
སྤྱང,1
བཤདམཐོ་རིམ་སློབ,1
ཕ,1
ལག་སློབ,1
མོ་སྣ,1
མིང་ཡུང,1
རྡོར,1
བཤད་ཚུར,1
སང་ཉི,1
ད་ག,1
པ་བཙོག,1
བཤད་ཚང,1
པ་བཀྲ,1
བའི་སྡེ,1
ཙྭའི་རྣམ,1
བྲིམ་ས,1
བྱོལ,1
དུ་བྱེད,1
ཞྭ་ལི,1
ཚུང,1
སི་ཁྲི་ལི,1
ཤིས་ཁ,1
ཐེལ,1
པར་དཀའ,1
ལྡི,1
ཆེན་སློབ,1
འཕྲིན་375ཐད་གཏོང,1
སྲུངས,1
སྤུ,1
མུ,1
ཨོ,1
དྲོད,1
གནས་བཤད,1
ཚོད་དྲུག,1
འགྲུབ་དང,1
ཚལ,1
ངེ་སྨྲེང་ངེ་,1
ལྗོངས་ཞིབ,1
ཤོར་རྒྱལ,1
འགྲམ,1
དེབ་ཅན,1
དཀར་སྤྲེལ་རྫོང,1
ལྡན་པར,1
ལྷའི,1
བཏགས་དཀར,1
འཕྲོད་ལ,1
ཁུལ,1
རིང་དོན,1
མེད་ཟས,1
མ་ཞི,1
ཆེན་འཁོར,1
བཞིན་ནོར,1
པ་བཞི,1
རེའེ་ཟི,1
སྐྱབས,1
རྗེ་སེམས་དཔའ,1
མཐོང་གླེང,1
ཆང་མར,1
གཅད,1
མེད་ཀྱི,1
མཱ,1
ཚའི་སྒྲུབ,1
བློང,1
ཀྱི་དཔེ,1
བ་བློ,1
ལྔ་སྣོད,1
ཆོས་གཙང,1
ཁལོ,1
ལག་དྲུག,1
པརྩོམ,1
འབྱོར་སྤྱོད,1
ཕུ་བཀའ,1
འདྲེ,1
བཟང་བཀའ,1
ཏག,1
གེ་སར་རྩྭ,1
སྙོམས,1
བ་དཀར,1
རྟ་ཟོན,1
སྲུང་ལྡེ,1
འགྲོལ,1
འདོད་སྦྲོ,1
འགྲོ་མར,1
རྫིང་མཁན,1
མྱོང་མེད,1
མང་+པོ,1
ཤེས་ནོར,1
ཁ་དགྲ,1
ཕྲེང་དང,1
རོལ་ཕྱིན,1
ཚ་རྫོང,1
རྩེད་འགྲན,1
བསྡུ,1
མི་དགོས,1
སྐྱེས་ཀྱི,1
ཚོམས,1
བཞག་སྤངས,1
དཀྲུག་མར,1
སྤུངས་དགོན,1
ལིང་གོ,1
བརྙན,1
ངན་,1
གནསབསྟན,1
ལྕགས,1
སེར་མཐོ,1
གོ་སོང,1
འདྲི་བཙན,1
རིལ་ཨམ,1
བརྐོས,1
རྗེ་མཁའ,1
ངེ་སྨྲེང་ངེ,1
བ་དམར,1
ཛ་དེ,1
བོ་པང,1
སངས་རུས,1
བཞེངས,1
སྙིའི,1
ཅུ་རྩ,1
དྲ་མ,1
བ་སྤྱི,1
ལོན་རྒན,1
འཇིག,1
རྗེ་མེད,1
མང་པོ,1
ནུས་འཇོན,1
ཅན་སྙིང,1
བཟད,1
ཀྱ་ཐུབ,1
འཐག,1
གཤེན་རྨུ,1
དབང་བསྟན,1
མར,1
ནི་མིན,1
མགོན་བཀའ,1
མ་མྱོང,1
རྒས,1
པའི་རྡོ,1
ལངས་རང,1
རྩིས་རིག,1
སྤེལ,1
བོ་མཁའ,1
ཐབ,1
པར་འཚེ,1
ཆེེར,1
ལམ་ཕྲ,1
མ་ཆུང,1
འཛོམས་ལྷ,1
བར་སྤྱོད,1
དབང་སྨོན,1
ངེ་འཛིན་གསུམ,1
ཞོར,1
གི་བྱེད,1
པར་དཔྱོད,1
འཕྲིན་དྲ,1
སྲོལ་གོམས,1
ལེབ་སྒོར,1
ལི་ཞ,1
ཐུག་ཁ,1
སུའུ་ཀླུ,1
དབྱང་མི,1
དུས་ཡིན,1
མཚན་མེད,1
ཤ་ཁུ,1
སྤྲོ་ཚད,1
ན་ཨུ,1
བྱུང་རིག་པའི་རྡོ,1
མོངས་དུག,1
པ་ཁང,1
ཅར,1
གྱི་ངོ,1
པོ་ཨོྂ་ཡ་མིན་ད་ཀ་ཧཱུཾ,1
དབྱང་སྒྲིག,1
ལུགས་སྲོལ,1
ལེན་འཕྲུལ,1
དགའ་གཉེན,1
མ་བྱུང,1
གཏམ་བུ,1
ར་ཙོ,1
བཤམས,1
པོའི་མུ,1
མགོ་མཐོན,1
ཚད་ལྡན,1
བཛྲ་ཧ་ས་ན,1
རྩོམཚེ,1
ཡུལ་རྒྱན,1
ཐུག་སྡུག,1
པར་ཆེད་བརྗོདསྐྱོ,1
ཏེ་གཱ་ཏེ,1
བའི་དབང,1
བསྲིང,1
སེ་ཡང,1
རྟ་རྐྱང,1
ཉིད་གྲྭ,1
དོན་ཀུན,1
ནས་ཁོ,1
ཤིས་དཔལ,1
མ་ཕྱེད་ཡོལ,1
གྲུང,1
ཅུ་བཞི,1
་་་་་་་་་་་,1
སྤྲོད་པ,1
དྲ,1
ང་རང,1
པོ་ཏི,1
ལམ་ཆེན,1
འོངས་པའི,1
མ་ཡིན་+པ,1
བརྒྱ་ཇུས,1
གཙང་ཆོལ,1
མ་སེར,1
འགྲོ་ཁེར,1
བཟང་མེ,1
རྩལ་རིག,1
རྩོད་ཚུར,1
དུ་ཆུབ,1
ཅན་དགྱེས,1
བུ་སྨིན,1
མ་ཞུགས,1
འཚམས,1
མེད་དྭགས་པོ་ལྷ,1
མཆུ,1
བ་བཀའ,1
སྟངས་ཡིན,1
དབྱིངས,1
ལྡན་རིང,1
འཛིན་བསོད,1
པར་ཆེད,1
རུའི་ལེབ,1
བྱུ,1
བཟང་སློབ,1
ཚོགས་ཆེན,1
རྗེ་ཆོས,1
ཏན་ཞབས,1
བོ་རིན་པོ,1
གདན་འཇགས,1
ཏུ་དྭངས,1
རྩལ་ཆེ,1
བཛྲ,1
ཙྭའི,1
གསར་དུས,1
ལ་ལི,1
བཅུ་དབང,1
གྱི་རུ,1
ལེནཚད,1
བྱད་དྲུག,1
ཤག་,1
ཟོར་མགོན,1
རྗེ་ཐེག,1
ཤྲཱི་ནཱ་ལནྡཱ་ཆེས་མཐོའི་གཙུག་ལག་སློབ་གཉེར,1
བསྒོམས,1
ཟ་རང,1
ཙཱའི་དཔྱད,1
འགན་འཁུར,1
བསྒྲིམས,1
ཝེའི་བྷིར,1
ལ་མེ་ཊི,1
གྱིས་མི,1
བ་ཡན,1
དོགས,1
འགྱུར་ལྟར,1
དགའ་སྙིང,1
རྡོར་དབང,1
བསྡམ,1
བཙུན་སྒྲོལ,1
བཞིན་རྒྱལ,1
བྲག་མར,1
ཤེས་ཟླ,1
ལྟའི,1
རིང་རྒྱུ,1
‚མ,1
ཀེད,1
བསྐྲུན,1
ལྕི,1
བསྲུང,1
འཇམ,1
འབྲི,1
དྲུག་བདུན,1
འཐོམ,1
ཆེན་བཟང,1
‚མ་ཕྱིན,1
པ་་ཟ,1
མ་བྲག,1
ཏོག་ཕྲེང་བ,1
ལེཡ,1
རྒྱུན་ལས,1
ཡིན་དུས་ཙ,1
འཛིན་བཟོད,1
ཡོན་སྣ,1
བོ་རི,1
བ་ཡབ,1
བཤུས,1
གྲྭ་སྟོད,1
དབོན,1
འཆང,1
ཛིག་སི,1
སྔོན་སློབ,1
རམ་པ,1
འཕྱུག,1
ག་བྱས,1
འབོད,1
མཆོག་བཟང,1
རྒྱལ་ལྷ,1
མེད་ལུང,1
ཇའི་ནཱ,1
རྟེན་གྱི,1
ལྕུག་ལྕུག,1
རྨོ,1
སྒྲོག,1
དྲིན་ལོག,1
པ་མངོན,1
ཞིང་དུལ,1
གྲིས་དམག,1
སྣྲི,1
མཱ་ལ,1
གནསཨ,1
ལྡིང་ས,1
གསུམ་མཁྱེན,1
སྲེག་ཞོག,1
ཧའེ,1
མ་རེད,1
ཁོག,1
ཏི,1
ཆེན་གསར,1
པ་འདུས,1
ཀྲྀ,1
བརྟན་བྱང,1
ཁ་རྩིས,1
བསྐུར་མར,1
མཆུ་ནག,1
ལག་གཅིག,1
ཚྭ,1
རྩལ་བྱ,1
དུ་བྱ,1
སེམས་རྩེ,1
ཕུག,1
མཉེན,1
རུ་ན,1
སྟོན་དུས,1
ཡ་ཁོ,1
ཡོད་པ,1
ཅན་སྐྱིད,1
ས་གར,1
མོས,1
བསྔལ་གྱི,1
ཏན་དྲུག,1
གས,1
ཚའི,1
བཟའ,1
སྡང་མེད,1
ནག་དགག,1
སོང་ང,1
ལས་དབང,1
སྙ,1
ལྤགས་ཀྱི,1
ཟླ་གཟའ,1
ཁུངས,1
གནསབསྟན་འཛིན་སྒྲོལ,1
རོ་ཆོས,1
དྲི,1
མཆོག་ཆོས,1
བཅངས,1
ཙི),1
སུན་འབྱིན,1
བཙལ,1
འདྲུད,1
མ་ལྷ,1
གོས་གཏམ,1
བའི་བདག,1
ཀ་བ,1
ཤྲཱི་ནཱ་ལནྡཱ་ཆེས་མཐོའི་གཙུག་ལག་སློབ་གཉེར་ཁང་གི་ལོ,1
སྦྱང,1
དུ་དགོངས,1
བྱིན་ལེན,1
བསྡད་རང,1
འཁོར་ཆོས,1
གཡོན་དེ,1
རྟེན་པའི,1
པོ་ཉམས,1
མ་སེང,1
སི་མེ,1
སྒྱུར་མར,1
རུ་རིན་པོ,1
སིག,1
སྣེ,1
མེད་དྭགས་པོ,1
མཚོ,1
བཅུ་ལམ,1
གོ་ཡི,1
ཁེབས,1
ཡན་ཧ,1
པ་བཅོ,1
རུབ,1
བོ་གསལ,1
འཛིན་མཚོ,1
ཤྲཱི་ནཱ་ལནྡཱ་ཆེས་མཐོའི་གཙུག་ལག་སློབ་གཉེར་ཁང,1
རུལ,1
མ་ཡང,1
བྱིན་ཀ,1
པ་བདེན,1
པོ་ནས,1
རི་དཀར,1
ཁྲལ,1
སིང་རྒྱག,1
གདོང་གྲྭ,1
ན་གནས,1
བཟང་ཡེ,1
སྡེའི་སྡེ,1
ལགས་དོར,1
ཤེས་འདུག,1
དང་མཐུན,1
པ་ཡར,1
ལྷུག,1
འདེང,1
སྟོང་འཛིན,1
དོག་སྣ,1
ག་ཙིག,1
ཆར་རྩོམ,1
ཁ་བཅོ,1
་མ,1
སར་རྒྱལ,1
སྟེར,1
ཡོང་ཅི,1
བཞི་ལེབ,1
སྟེ་ཁ,1
གཏོང་མར,1
བསྣུན,1
རིང་སྐྱིན,1
ཆེན་ལྷ,1
བྱུང་པའི,1
ཆག་གཏོར,1
ཕོ,1
ཚ་མེད,1
མཁྱེན་བརྩེའི,1
སུན,1
གསལ་གཏོང,1
སྦྱིན་ནོག,1
བཟེད,1
གུ་སི,1
དབང་སྐུ,1
ངོ་མི,1
སྒྲིབ,1
གཤེན,1
བཀལ,1
སྐོརཁྲི,1
རབ་དར,1
སྡེབ,1
སྔོན་མགོ,1
སུ་ཡི་རང,1
པར་ཐར,1
བ་རྫོགས,1
ཊ,1
ལྗི,1
ཤུན,1
ཐང་ཆོས,1
ལན་ཆུ,1
ནམས་ཡེ,1
ཆུང་བློ,1
མི་ཚང,1
ཀ་པོད,1
ཁ་སྦྱོང,1
སྐྱབས་བཟང,1
ཧུན,1
འགྲུལ་གསར,1
བསྐྲུན་རིག,1
གཙང་རུ,1
ནུ་བསོད,1
པ་ཚེ,1
རི་པ,1
བབ,1
མཚམས་སྦྱོར,1
རྗེ་ས,1
དུས་ཕར,1
ཡོད་མ་རེདཏོག,1
ཨུ,1
གཉེར་བྱེད,1
ཕུག་བཀའ,1
རེད་བརེད,1
རྒྱུམ,1
སྒྲུབ་རྒྱ,1
པོ་ར་སངས,1
ལྷིང,1
འཕྲོས,1
ཡབ་སྲས,1
ལས་ཟླ,1
རིཁ)་ཚེས,1
རབ་དཔལ,1
གསེབ་བཀའ,1
དང་ཞོར,1
ཤུན་དཀྲིས,1
བསྐོལ,1
སུལ,1
ཀླུ,1
སང་ཕ,1
གཞོན་བར,1
སེ་རེད,1
སི་ཁྲི,1
ས་རྒྱན,1
ཝང་ཙོ,1
གྲིའི,1
སོང་རང,1
ཙྰ,1
ཀླུང་ཆུ,1
ཏེ་གཱ་ཏེ་པཱ་ར་གཱ,1
རི་གྱང,1
བ་འཛིན,1
པ་བཤགས,1
སྐྱོབ,1
སྲིད་དཔྱད་པའབྲོང,1
རིས་སྐོར,1
མོན,1
ཤིས་ལྗོངས,1
པརྩོམ་པ,1
བྱང་རིན་པོ,1
བརྗོདསྐྱོ,1
ངལ,1
རུ་ཚེ,1
བཞུཊ,1
ལྷུང,1
བུ་ཁྲི,1
ཚོཕྲུ,1
རོབ་ནུབ,1
འབུད,1
ཤུལ་གྲགས,1
ལུང་བཀའ,1
འགྲུས་ཡང,1
བྷ་ར,1
མེད་ཆོས,1
ས་བླ,1
ལོམ,1
རྣས་འཁོར,1
འཕྲོད་ལ་མ,1
བྱུང་མིན,1
མོ་ལྕགས,1
བཟང་བསྟན,1
འཕྲིན་375ཐད,1
རུས,1
དགུ་ཞག,1
ཆུབ་ཡན,1
ཕྱོགས་ཚུར,1
མཐུན་པའི,1
ཤྲཱི་ནཱ་ལནྡཱ་ཆེས་མཐོའི་གཙུག་ལག་སློབ,1
འཚེ,1
ར་ཁོར,1
རྒོད་ལྡོང,1
འགྱངས,1
འཁོར་པད,1
བཙུན་བྱམས,1
མིང,1
རིང་མཆེད,1
མའེ,1
རི་ར,1
འདུག་དསྟོང,1
ཆུང༢༠༡༤ཀྲུང,1
བཀྲུ,1
བ་ཤེས,1
དངུས་ཟངས,1
ཤེས་རྡོ,1
བསྲེག,1
མཚན་ཡང,1
འགྱུརབདེ,1
གཅིག་གཉིས,1
བཛྲ་ཧ་ས་ན་ཧཱུཾ,1
གདོང་རིན,1
དྲག་ཤག,1
པོ་ནག,1
མཚམས,1
ཙམ་རེག,1
པོ་ཨོྂ་ཡ་མིན་ད,1
ནཆོས,1
བཅར,1
རིམ་བློ,1
ལ་ལྡེ,1
སོགས་པ,1
ཀླུ་གཉན,1
ཐུལ,1
སྲོང་མང,1
ཏན་སེང,1
ཏིན་ཨའོ,1
བཅད་སྙན,1
ཤྲཱི་ནཱ་ལནྡཱ་ཆེས་མཐོའི་གཙུག་ལག་སློབ་གཉེར་ཁང་གི་ལོ་རྒྱུས་མཐའ་མའི་དགོངས,1
གཡོན,1
ཅུ་ཐམ,1
ཁམས་རིག,1
དུ་མེད,1
ལྤགས,1
རིཁ),1
མཆེད་བཅུ,1
གསོག་དགེ,1
ལྡེ་སྤུ,1
ཤེས་མེ,1
ཁུ་སྟོན,1
དུ་མ,1
བཀྲུས,1
བཙེམ,1
རོ་འབྲོང,1
ཏིག་ཕྲེང,1
ཀྲུའུ,1
ཉིལ,1
རོའི་ཡ,1
པ་གཉིས,1
རྒྱལ་གྲྭ,1
ཆགས་ལྡན,1
ཧའེ་གྲོང,1
ཀྲང,1
ཏཱ་ཝང,1
ཐར་ཚེ,1
འཕྲད,1
རྗེ་བཙུན,1
ཝེའི་གྲོང,1
ནམས་སྟོབས,1
དུ་བླངས,1
ཕྱིན་མངོན་རྟོགས,1
ཐག་འབད,1
རྗེ་ལེགས,1
མ་རྗེས,1
ཀྲང་ཆིང,1
གཏོགས་་བོད,1
ན་མ་ཐོ,1
རྒྱལ་མཆོད,1
པ་ཆེ,1
ཡབ,1
བསྲོ,1
ར་གོ,1
འབྲེལ་རྒྱལ,1
བརྩམས,1
དོན་ལས,1
ཆུབ་སྤྱོད,1
ལྡན་བྱང,1
ས་རེདད,1
མར་གནས,1
བུ་ཆ,1
ཤྲཱི་ནཱ་ལནྡཱ་ཆེས་མཐོའི་གཙུག་ལག་སློབ་གཉེར་ཁང་གི,1
ཏེ་གཱ་ཏེ་པཱ,1
ཉིད་རྟོགས,1
སྙིང་མཆིན,1
བརྒྱུད་གསོལ,1
ངན་མེད,1
གསར་སྤྲུལ,1
པང,1
པོ་ཨོྂ་ཡ་མིན་ད་ཀ,1
བཙུན་མི,1
པོ་སྨྲ,1
རྒྱལ་གཙུག་ན་རིན,1
རྒྱན་མེ,1
ཆེན་ཚངས་པ,1
གཏོག,1
ས་མཆོག,1
དགེ་རྙིང,1
སེ་གས,1
ཁམས་གཡའ,1
སྒྲིལ,1
བཞི་རིག,1
བརྟན་འགྱུར,1
དམངས་ཤོག,1
རུབ་འབད,1
ལང་སྐྱོང,1
འཛོམ་པ,1
བརེད,1
བཞིན་གཤེགས་པ་ནོར,1
དཀའ་ལས,1
དབང་མཚམས,1
མི་སྨུ,1
དགའ་ན,1
འདུག་དསྟོང་ཕྲག,1
མི་མཐུན,1
ཤྲཱི་ནཱ་ལནྡཱ་ཆེས་མཐོའི་གཙུག་ལག་སློབ་གཉེར་ཁང་གི་ལོ་རྒྱུས་མཐའ,1
ཏ་བསླབ,1
བཟང་བརྩོན,1
ཚང་ལྷ,1
སཱོ་ནོ,1
གླིང་གཡུལ,1
བསད,1
ནསྔོན,1
ལས་དོན,1
རུས་ཁྲག,1
འགྲུལ,1
བརྟག,1
རྡའི,1
སྦྱོར་བམ,1
བདོག,1
འཛིན་ཅན,1
ཚ་སྡེ,1
སོག་ལས,1
ལྟ་མར,1
མིགབྱ,1
ལྷ་གཞི,1
མི་ལེན,1
པ་འབུམ,1
ཁྲིམས་དཔལ,1
མིའི,1
མ་སྐྱེས,1
འཛིན་འཕྲིན,1
ཕྱིར,1
ལིན,1
དབང་དཔལ,1
འགྲིག་པ,1
ཛ,1
ལྗོངས་ལྷ,1
ལྔ་ཉི,1
གེ་འབྲི,1
དཔོན,1
གནས་དྲ,1
རུའི,1
འཛིན་སྐལ,1
ཁ་ཉ,1
མ་བཅུ,1
དུ་ཕྱིན,1
རེདཨ,1
དག་པའི་ལྟ,1
པུ,1
དང་བཅུ,1
ཞི་ཡུན,1
རྗེའི་ཀར,1
བརྒྱ་ཆེན,1
བ་གླང,1
མ་མཆོད,1
སྒོག,1
འདུས་ལུགས,1
མེལ,1
ཅང་ཉིང,1
ཅིག་དྲུང,1
ཤུར,1
ལྗི་མང་རུ,1
ཤགད,1
མཐུ,1
དྲོས,1
འདུན་བསམ,1
ངར་ཆེ,1
པོ་ཨོྂ་ཡ,1
ཡྰ,1
སྐོརཁྲི་རལ,1
རྡའི་དཔལ,1
བྱིན་པ,1
ཐིག,1
བརྒྱ་རེ,1
བྱུང་རྡོ,1
ནེའི་དཔར,1
སྡང,1
འཛིན་འཇམ,1
ཕྱེ་འབུམ,1
ཡོད་གྲུབ,1
དབྱངས་བློ,1
མཁྲིས,1
བཞིན་གཤེགས་པ,1
གྱུར་སྦྱར,1
གཏན་ཆོས,1
མ་ཐ,1
ཆུང་བ,1
མོ་གྲུ,1
ར་སིངྒ,1
མ་རྒྱག,1
ཉག་རབ,1
གཏན་རྒྱ,1
ཏོག་མ,1
རུ་ཚ,1
གསོས,1
རབ་སྙིང,1
བྱི་དགའ,1
ནལོ,1
ཐར་སྒོ,1
གོམས་གཤིས,1
ཡེར,1
མི་ཆེས,1
སྒུལ་རླངས,1
ཞིག་བཅོ,1
ཏེ་གཱ་ཏེ་པཱ་ར,1
པབསང་གཏོང,1
བསླད,1
མགྲོན,1
བཟང་ཟླ,1
དབྱངས་དར,1
སྐོར་དུས,1
དྭགས་རྔོན,1
ནད,1
ལུ་མུ,1
མ་རང་རྒྱུད,1
བེར,1
ཚ་ཤེས,1
བརྒྱ་བརྒྱད,1
ཟུག,1
སྨད་གྲོང,1
ཁྱོད,1
བྱུང་རིག,1
ཁོགས,1
ཡ་མེད,1
ལྗིད,1
པོས,1
ར་ཁ,1
སྨད་ཞིབ,1
ཟ་རུལ,1
སྙིང་རྗེ,1
ཆུང་ཉག,1
བཀུག,1
ཤཱཀ་རྣམ,1
དམར་བོ,1
ན་མ་ཟེར,1
ཅན་ཆོས་རྒྱལརྒྱལ,1
རྕེད,1
ཁྲོ,1
བསོ,1
སྲས་རིན་པོ,1
པན,1
ཌི,1
བགྲོད,1
ལས་སྐལ,1
འཁོར་སྐྱོང,1
མི་འཚལ,1
རྗེས་ལག,1
སེར་སྤེལ,1
བུ་རབ་འབྲིང,1
འཛི་རྒོད,1
པ་ཆུ,1
བབླ,1
ཤས་ནད,1
དགས,1
ཤམས,1
རག་རོང,1
སློབ་ཆོས,1
དབྱིངས་བཀྲ,1
རླུང་རྟགས,1
ཏེ་གཱ,1
པ་,1
རྒྱུས་ཡིག,1
གྲུབ་ཆེན,1
མཆོད་ལྷན,1
ཁྲི་ཆིག,1
ཅན་ཆོས་རྒྱལརྒྱལ་བོ་ཆེན,1
ལ་དོ,1
བྱེད་ཤོག,1
དཔག,1
རྟ་དྲང,1
ཁྱུང་རི,1
ན་ཚོ,1
བ་གཅིག,1
བ་རང,1
རྟོན,1
དཀར་ཏེ,1
བསྟན་སྦྱིན,1
ར་སིངྒ་ཏེ,1
སེམས་པ,1
མཁའ་རྒྱལ,1
སྨོན,1
ཀྱ,1
ཧོང་བྲག,1
ཉོས,1
གདན,1
དྲངས,1
པར་གཡེམ,1
བུ་དུམ,1
སྤོ,1
ར་ཛོ,1
མཚན་རྩེ,1
ཡར,1
ཤྲཱི་ནཱ་ལནྡཱ་ཆེས,1
བ་ཆེ,1
ལྡན་མང,1
ཡིག་དུས,1
གཡར,1
པོ་བཞི,1
ཤོང,1
རྨས,1
བ་བྱེད,1
མཆོག་རིན,1
ཁོང,1
འབྲས་ཆེ,1
འདུགཡ,1
མཁྱེན་བརྩེའི་འོད,1
མཁའ་བཟང,1
རྩུབ,1
བ་བཀོད,1
སངས་ཚེ,1
རེའེ,1
བཤའ་རྒྱག,1
ཞྭ་རྣ,1
ཙངལས,1
ཕབས,1
འཛིན་དབྱིངས,1
་་ཨམ,1
གཞན་གཉིས,1
བོ་གནམ,1
ཞུན་འཁྱིལ,1
དགེ་བསམ,1
རོམ་བཀའ,1
མཁྲེགས,1
མ་སྒྲོལ་མ,1
མེལ་གློག,1
ཆོས་ཟླ,1
ཤེས་ན,1
མི་ཕམ,1
གཟུ,1
པར་སྨྲ,1
སྡེ་བཅོ,1
བ་ཡི་ཟེར,1
སེལ,1
འབྲིང་མཐའ,1
དབོན་རྣམ,1
སྲིད་དོགས,1
ནའོ,1
དུང,1
ཆོལ་ཁ,1
ཡུས,1
བརྩི,1
ཎི་བཀའ,1
སེ་མེ,1
འཕྲུལ་སྨོན,1
དབང་བསོད,1
ཚོ་རྦབ,1
ཀྱི་འཇུག,1
སྒེར,1
ཝང,1
རྒྱལ་གྱི,1
ལྡད,1
བྱུང་རིག་པའི,1
ཁས,1
གདོང་རིན་པོ,1
རྩོམགདོད,1
སྒྲོགས,1
བཅུ་དུས,1
ར་སིངྒ་ཏེ་བྷོདྷི་ཡེ,1
བསྔལ་ཤེས,1
སཱ་ཀྲུའུ,1
འཁོལ,1
བཟང་འཕྲིན,1
མདོའི,1
ཤ་དོད,1
ནས་དུས,1
་ཁོར,1
བ་གཏོང,1
དཀྲུགས,1
ཞུམ,1
དུ་མཆིས,1
གླག,1
བསམ་ཡ,1
རྗེགཡུག,1
ལྕུག,1
ཧུལ,1
་་་་་་་་་་,1
